id,Constituency,County,Country/Region,Country,Electorate_2017,Green Votes_2017,Green Vote share_2017,Total votes_2017,Year
E14000530,ALDERSHOT,Hampshire,South East,England,"76,205","1,090",2%,"48,950",2017
E14000531,ALDRIDGE-BROWNHILLS,West Midlands,West Midlands,England,"60,363",,,"40,235",2017
E14000532,ALTRINCHAM AND SALE WEST,Greater Manchester,North West,England,"73,226","1,000",2%,"52,790",2017
E14000533,AMBER VALLEY,Derbyshire,East Midlands,England,"68,065",650,1%,"45,811",2017
E14000534,ARUNDEL AND SOUTH DOWNS,West Sussex,South East,England,"79,478","2,542",4%,"60,256",2017
E14000535,ASHFIELD,Nottinghamshire,East Midlands,England,"78,076",398,1%,"49,993",2017
E14000536,ASHFORD,Kent,South East,England,"87,387","1,402",2%,"59,879",2017
E14000537,ASHTON-UNDER-LYNE,Greater Manchester,North West,England,"67,674",534,1%,"39,773",2017
E14000538,AYLESBURY,Buckinghamshire,South East,England,"82,546","1,237",2%,"58,783",2017
E14000539,BANBURY,Oxfordshire,South East,England,"83,824","1,225",2%,"61,562",2017
E14000540,BARKING,London,London,England,"77,022",724,2%,"47,679",2017
E14000541,BARNSLEY CENTRAL,South Yorkshire,Yorkshire and The Humber,England,"64,204",570,1%,"39,087",2017
E14000542,BARNSLEY EAST,South Yorkshire,Yorkshire and The Humber,England,"69,214",,,"40,776",2017
E14000543,BARROW AND FURNESS,Cumbria,North West,England,"69,474",375,1%,"47,590",2017
E14000544,BASILDON AND BILLERICAY,Essex,Eastern,England,"69,149",,,"44,918",2017
E14000545,BASINGSTOKE,Hampshire,South East,England,"81,875","1,106",2%,"55,960",2017
E14000546,BASSETLAW,Nottinghamshire,East Midlands,England,"78,540",,,"52,250",2017
E14000547,BATH,Avon,South West,England,"66,778","1,126",2%,"49,583",2017
E14000548,BATLEY AND SPEN,West Yorkshire,Yorkshire and The Humber,England,"80,161",695,1%,"53,780",2017
E14000549,BATTERSEA,London,London,England,"77,574",866,2%,"55,058",2017
E14000550,BEACONSFIELD,Buckinghamshire,South East,England,"77,524","1,396",2%,"56,028",2017
E14000551,BECKENHAM,London,London,England,"67,925","1,380",3%,"51,630",2017
E14000552,BEDFORD,Bedfordshire,Eastern,England,"71,829","1,008",2%,"48,480",2017
E14000553,BERMONDSEY AND OLD SOUTHWARK,London,London,England,"87,282",639,1%,"58,521",2017
E14000554,BERWICK-UPON-TWEED,Northumberland,North East,England,"58,807",787,2%,"42,212",2017
E14000555,BETHNAL GREEN AND BOW,London,London,England,"86,075","1,516",3%,"59,825",2017
E14000556,BEVERLEY AND HOLDERNESS,Humberside,Yorkshire and The Humber,England,"80,657",716,1%,"55,638",2017
E14000557,BEXHILL AND BATTLE,East Sussex,South East,England,"81,331","1,438",2%,"59,472",2017
E14000558,BEXLEYHEATH AND CRAYFORD,London,London,England,"65,315",601,1%,"45,189",2017
E14000559,BIRKENHEAD,Merseyside,North West,England,"64,484",943,2%,"43,663",2017
E14000560,"BIRMINGHAM, EDGBASTON",West Midlands,West Midlands,England,"68,091",562,1%,"43,612",2017
E14000561,"BIRMINGHAM, ERDINGTON",West Midlands,West Midlands,England,"65,067",610,2%,"37,217",2017
E14000562,"BIRMINGHAM, HALL GREEN",West Midlands,West Midlands,England,"78,271",831,2%,"54,310",2017
E14000563,"BIRMINGHAM, HODGE HILL",West Midlands,West Midlands,England,"75,698",387,1%,"46,394",2017
E14000564,"BIRMINGHAM, LADYWOOD",West Midlands,West Midlands,England,"70,023",533,1%,"41,307",2017
E14000565,"BIRMINGHAM, NORTHFIELD",West Midlands,West Midlands,England,"72,322",864,2%,"44,348",2017
E14000566,"BIRMINGHAM, PERRY BARR",West Midlands,West Midlands,England,"70,106",591,1%,"44,197",2017
E14000567,"BIRMINGHAM, SELLY OAK",West Midlands,West Midlands,England,"74,370",876,2%,"48,985",2017
E14000568,"BIRMINGHAM, YARDLEY",West Midlands,West Midlands,England,"72,581",280,1%,"44,502",2017
E14000569,BISHOP AUCKLAND,Durham,North East,England,"67,661",,,"43,281",2017
E14000570,BLACKBURN,Lancashire,North West,England,"70,664",,,"47,515",2017
E14000571,BLACKLEY AND BROUGHTON,Greater Manchester,North West,England,"71,648",462,1%,"40,113",2017
E14000572,BLACKPOOL NORTH AND CLEVELEYS,Lancashire,North West,England,"63,967",381,1%,"41,007",2017
E14000573,BLACKPOOL SOUTH,Lancashire,North West,England,"58,470",341,1%,"34,953",2017
E14000574,BLAYDON,Tyne and Wear,North East,England,"68,459",583,1%,"48,084",2017
E14000575,BLYTH VALLEY,Northumberland,North East,England,"63,415",918,2%,"42,490",2017
E14000576,BOGNOR REGIS AND LITTLEHAMPTON,West Sussex,South East,England,"75,827",993,2%,"51,352",2017
E14000577,BOLSOVER,Derbyshire,East Midlands,England,"73,429",,,"46,519",2017
E14000578,BOLTON NORTH EAST,Greater Manchester,North West,England,"67,233",357,1%,"45,183",2017
E14000579,BOLTON SOUTH EAST,Greater Manchester,North West,England,"68,886",537,1%,"42,323",2017
E14000580,BOLTON WEST,Greater Manchester,North West,England,"72,797",,,"51,054",2017
E14000581,BOOTLE,Merseyside,North West,England,"72,872",709,1%,"50,288",2017
E14000582,BOSTON AND SKEGNESS,Lincolnshire,East Midlands,England,"68,402",547,1%,"42,879",2017
E14000583,BOSWORTH,Leicestershire,East Midlands,England,"81,661","1,047",2%,"56,168",2017
E14000584,BOURNEMOUTH EAST,Dorset,South West,England,"74,591","1,236",3%,"48,618",2017
E14000585,BOURNEMOUTH WEST,Dorset,South West,England,"73,195","1,247",3%,"44,507",2017
E14000586,BRACKNELL,Berkshire,South East,England,"79,199",,,"55,892",2017
E14000587,BRADFORD EAST,West Yorkshire,Yorkshire and The Humber,England,"70,389",289,1%,"45,622",2017
E14000588,BRADFORD SOUTH,West Yorkshire,Yorkshire and The Humber,England,"67,752",370,1%,"41,049",2017
E14000589,BRADFORD WEST,West Yorkshire,Yorkshire and The Humber,England,"67,568",481,1%,"45,528",2017
E14000590,BRAINTREE,Essex,Eastern,England,"75,316",916,2%,"52,326",2017
E14000591,BRENT CENTRAL,London,London,England,"80,499",802,2%,"52,296",2017
E14000592,BRENT NORTH,London,London,England,"82,567",660,1%,"56,444",2017
E14000593,BRENTFORD AND ISLEWORTH,London,London,England,"85,164",,,"61,629",2017
E14000594,BRENTWOOD AND ONGAR,Essex,Eastern,England,"75,067",915,2%,"52,910",2017
E14000595,BRIDGWATER AND WEST SOMERSET,Somerset,South West,England,"89,294","1,059",2%,"58,267",2017
E14000596,BRIGG AND GOOLE,Humberside,Yorkshire and The Humber,England,"66,069",550,1%,"45,057",2017
E14000597,"BRIGHTON, KEMPTOWN",East Sussex,South East,England,"67,893",,,"49,207",2017
E14000598,"BRIGHTON, PAVILION",East Sussex,South East,England,"75,486","30,149",52%,"57,687",2017
E14000599,BRISTOL EAST,Avon,South West,England,"72,415","1,110",2%,"50,799",2017
E14000600,BRISTOL NORTH WEST,Avon,South West,England,"75,434","1,243",2%,"54,096",2017
E14000601,BRISTOL SOUTH,Avon,South West,England,"83,012","1,428",3%,"54,382",2017
E14000602,BRISTOL WEST,Avon,South West,England,"93,003","9,216",13%,"71,608",2017
E14000603,BROADLAND,Norfolk,Eastern,England,"77,334",932,2%,"55,971",2017
E14000604,BROMLEY AND CHISLEHURST,London,London,England,"65,117","1,150",2%,"46,662",2017
E14000605,BROMSGROVE,Hereford and Worcester,West Midlands,England,"73,571","1,139",2%,"54,040",2017
E14000606,BROXBOURNE,Hertfordshire,Eastern,England,"73,502",848,2%,"47,485",2017
E14000607,BROXTOWE,Nottinghamshire,East Midlands,England,"74,013",681,1%,"55,508",2017
E14000608,BUCKINGHAM,Buckinghamshire,South East,England,"79,615","8,574",16%,"52,679",2017
E14000609,BURNLEY,Lancashire,North West,England,"64,709",461,1%,"40,290",2017
E14000610,BURTON,Staffordshire,West Midlands,England,"73,954",824,2%,"49,911",2017
E14000611,BURY NORTH,Greater Manchester,North West,England,"67,580",,,"47,903",2017
E14000612,BURY SOUTH,Greater Manchester,North West,England,"73,715",,,"50,990",2017
E14000613,BURY ST EDMUNDS,Suffolk,Eastern,England,"86,071","2,596",4%,"62,160",2017
E14000614,CALDER VALLEY,West Yorkshire,Yorkshire and The Humber,England,"79,045",631,1%,"58,054",2017
E14000615,CAMBERWELL AND PECKHAM,London,London,England,"85,613","1,627",3%,"57,412",2017
E14000616,CAMBORNE AND REDRUTH,Cornwall,South West,England,"68,419","1,052",2%,"48,456",2017
E14000617,CAMBRIDGE,Cambridgeshire,Eastern,England,"78,544","1,265",2%,"55,934",2017
E14000618,CANNOCK CHASE,Staffordshire,West Midlands,England,"74,540",815,2%,"47,872",2017
E14000619,CANTERBURY,Kent,South East,England,"78,182","1,282",2%,"56,800",2017
E14000620,CARLISLE,Cumbria,North West,England,"62,294",,,"43,056",2017
E14000621,CARSHALTON AND WALLINGTON,London,London,England,"70,849",501,1%,"50,753",2017
E14000622,CASTLE POINT,Essex,Eastern,England,"69,470",,,"44,710",2017
E14000623,CENTRAL DEVON,Devon,South West,England,"74,370","1,531",3%,"57,844",2017
E14000624,CENTRAL SUFFOLK AND NORTH IPSWICH,Suffolk,Eastern,England,"78,116","1,659",3%,"56,524",2017
E14000625,CHARNWOOD,Leicestershire,East Midlands,England,"78,071","1,036",2%,"55,176",2017
E14000626,CHATHAM AND AYLESFORD,Kent,South East,England,"70,419",573,1%,"44,890",2017
E14000627,CHEADLE,Greater Manchester,North West,England,"73,406",,,"54,572",2017
E14000628,CHELMSFORD,Essex,Eastern,England,"81,032",821,1%,"56,860",2017
E14000629,CHELSEA AND FULHAM,London,London,England,"63,728",807,2%,"42,128",2017
E14000630,CHELTENHAM,Gloucestershire,South West,England,"78,878",943,2%,"57,012",2017
E14000631,CHESHAM AND AMERSHAM,Buckinghamshire,South East,England,"71,654","1,660",3%,"55,252",2017
E14000632,CHESTERFIELD,Derbyshire,East Midlands,England,"72,069",777,2%,"47,927",2017
E14000633,CHICHESTER,West Sussex,South East,England,"84,991","1,992",3%,"59,918",2017
E14000634,CHINGFORD AND WOODFORD GREEN,London,London,England,"65,958","1,204",3%,"46,961",2017
E14000635,CHIPPENHAM,Wiltshire,South West,England,"76,432",,,"57,140",2017
E14000636,CHIPPING BARNET,London,London,England,"77,218","1,406",3%,"55,423",2017
E14000637,CHORLEY,Lancashire,North West,England,"76,404",530,1%,"55,634",2017
E14000638,CHRISTCHURCH,Dorset,South West,England,"70,309","1,325",3%,"50,634",2017
E14000639,CITIES OF LONDON AND WESTMINSTER,London,London,England,"61,533",821,2%,"38,654",2017
E14000640,CITY OF CHESTER,Cheshire,North West,England,"72,859",,,"56,421",2017
E14000641,CITY OF DURHAM,Durham,North East,England,"71,132",797,2%,"48,324",2017
E14000642,CLACTON,Essex,Eastern,England,"69,263",719,2%,"44,145",2017
E14000643,CLEETHORPES,Humberside,Yorkshire and The Humber,England,"72,711",470,1%,"47,844",2017
E14000644,COLCHESTER,Essex,Eastern,England,"79,996",828,2%,"53,545",2017
E14000645,COLNE VALLEY,West Yorkshire,Yorkshire and The Humber,England,"84,387",892,1%,"60,420",2017
E14000646,CONGLETON,Cheshire,North West,England,"76,694",999,2%,"56,231",2017
E14000647,COPELAND,Cumbria,North West,England,"61,751",,,"42,927",2017
E14000648,CORBY,Northamptonshire,East Midlands,England,"83,020",579,1%,"59,997",2017
E14000649,COVENTRY NORTH EAST,West Midlands,West Midlands,England,"75,759",502,1%,"46,508",2017
E14000650,COVENTRY NORTH WEST,West Midlands,West Midlands,England,"75,196",666,1%,"49,849",2017
E14000651,COVENTRY SOUTH,West Midlands,West Midlands,England,"70,736",604,1%,"47,009",2017
E14000652,CRAWLEY,West Sussex,South East,England,"73,425",,,"50,273",2017
E14000653,CREWE AND NANTWICH,Cheshire,North West,England,"78,895",,,"55,027",2017
E14000654,CROYDON CENTRAL,London,London,England,"80,045",626,1%,"57,091",2017
E14000655,CROYDON NORTH,London,London,England,"87,461",983,2%,"59,623",2017
E14000656,CROYDON SOUTH,London,London,England,"83,518","1,125",2%,"61,257",2017
E14000657,DAGENHAM AND RAINHAM,London,London,England,"70,616",544,1%,"45,843",2017
E14000658,DARLINGTON,Durham,North East,England,"66,341",524,1%,"44,817",2017
E14000659,DARTFORD,Kent,South East,England,"78,506",807,1%,"54,224",2017
E14000660,DAVENTRY,Northamptonshire,East Midlands,England,"75,268",957,2%,"55,663",2017
E14000661,DENTON AND REDDISH,Greater Manchester,North West,England,"65,751",486,1%,"39,599",2017
E14000662,DERBY NORTH,Derbyshire,East Midlands,England,"69,919",,,"48,672",2017
E14000663,DERBY SOUTH,Derbyshire,East Midlands,England,"69,918",454,1%,"45,306",2017
E14000664,DERBYSHIRE DALES,Derbyshire,East Midlands,England,"64,430","1,002",2%,"49,571",2017
E14000665,DEVIZES,Wiltshire,South West,England,"72,184","1,606",3%,"50,593",2017
E14000666,DEWSBURY,West Yorkshire,Yorkshire and The Humber,England,"81,343","1,024",2%,"56,545",2017
E14000667,DON VALLEY,South Yorkshire,Yorkshire and The Humber,England,"73,990",,,"45,988",2017
E14000668,DONCASTER CENTRAL,South Yorkshire,Yorkshire and The Humber,England,"71,718",,,"43,024",2017
E14000669,DONCASTER NORTH,South Yorkshire,Yorkshire and The Humber,England,"72,377",,,"42,312",2017
E14000670,DOVER,Kent,South East,England,"74,564",923,2%,"51,966",2017
E14000671,DUDLEY NORTH,West Midlands,West Midlands,England,"62,043",240,1%,"38,910",2017
E14000672,DUDLEY SOUTH,West Midlands,West Midlands,England,"61,323",382,1%,"38,244",2017
E14000673,DULWICH AND WEST NORWOOD,London,London,England,"78,037","1,408",3%,"56,143",2017
E14000674,EALING CENTRAL AND ACTON,London,London,England,"74,200",,,"55,342",2017
E14000675,EALING NORTH,London,London,England,"74,764",743,1%,"52,516",2017
E14000676,"EALING, SOUTHALL",London,London,England,"65,188","1,037",2%,"45,145",2017
E14000677,EASINGTON,Durham,North East,England,"62,385",410,1%,"36,364",2017
E14000678,EAST DEVON,Devon,South West,England,"82,369",,,"60,382",2017
E14000679,EAST HAM,London,London,England,"83,928",474,1%,"56,633",2017
E14000680,EAST HAMPSHIRE,Hampshire,South East,England,"74,151","1,760",3%,"55,408",2017
E14000681,EAST SURREY,Surrey,South East,England,"82,004","1,100",2%,"59,203",2017
E14000682,EAST WORTHING AND SHOREHAM,West Sussex,South East,England,"75,525","1,273",2%,"53,117",2017
E14000683,EAST YORKSHIRE,Humberside,Yorkshire and The Humber,England,"81,065",943,2%,"53,956",2017
E14000684,EASTBOURNE,East Sussex,South East,England,"78,754",510,1%,"57,420",2017
E14000685,EASTLEIGH,Hampshire,South East,England,"81,212",750,1%,"57,280",2017
E14000686,EDDISBURY,Cheshire,North West,England,"70,272",785,2%,"51,319",2017
E14000687,EDMONTON,London,London,England,"65,777",633,1%,"43,678",2017
E14000688,ELLESMERE PORT AND NESTON,Cheshire,North West,England,"68,666",342,1%,"50,939",2017
E14000689,ELMET AND ROTHWELL,West Yorkshire,Yorkshire and The Humber,England,"80,291",995,2%,"59,542",2017
E14000690,ELTHAM,London,London,England,"64,474",,,"46,155",2017
E14000691,ENFIELD NORTH,London,London,England,"68,076",574,1%,"48,565",2017
E14000692,"ENFIELD, SOUTHGATE",London,London,England,"65,210",780,2%,"48,328",2017
E14000693,EPPING FOREST,Essex,Eastern,England,"74,737","1,233",2%,"50,779",2017
E14000694,EPSOM AND EWELL,Surrey,South East,England,"80,029","1,714",3%,"59,266",2017
E14000695,EREWASH,Derbyshire,East Midlands,England,"72,995",675,1%,"49,781",2017
E14000696,ERITH AND THAMESMEAD,London,London,England,"69,724",507,1%,"44,464",2017
E14000697,ESHER AND WALTON,Surrey,South East,England,"80,938","1,074",2%,"59,842",2017
E14000698,EXETER,Devon,South West,England,"77,330","1,027",2%,"55,423",2017
E14000699,FAREHAM,Hampshire,South East,England,"78,837","1,302",2%,"57,014",2017
E14000700,FAVERSHAM AND MID KENT,Kent,South East,England,"72,205","1,431",3%,"49,749",2017
E14000701,FELTHAM AND HESTON,London,London,England,"81,714",809,2%,"53,027",2017
E14000702,FILTON AND BRADLEY STOKE,Avon,South West,England,"72,483","1,162",2%,"50,702",2017
E14000703,FINCHLEY AND GOLDERS GREEN,London,London,England,"73,329",919,2%,"52,385",2017
E14000704,FOLKESTONE AND HYTHE,Kent,South East,England,"86,272","2,498",4%,"58,875",2017
E14000705,FOREST OF DEAN,Gloucestershire,South West,England,"70,898","1,241",2%,"51,767",2017
E14000706,FYLDE,Lancashire,North West,England,"65,937","1,263",3%,"46,467",2017
E14000707,GAINSBOROUGH,Lincolnshire,East Midlands,England,"75,893","1,238",2%,"51,425",2017
E14000708,GARSTON AND HALEWOOD,Merseyside,North West,England,"75,248",750,1%,"53,522",2017
E14000709,GATESHEAD,Tyne and Wear,North East,England,"65,186",611,1%,"42,103",2017
E14000710,GEDLING,Nottinghamshire,East Midlands,England,"71,223",515,1%,"51,682",2017
E14000711,GILLINGHAM AND RAINHAM,Kent,South East,England,"72,903",520,1%,"48,868",2017
E14000712,GLOUCESTER,Gloucestershire,South West,England,"82,965",754,1%,"54,071",2017
E14000713,GOSPORT,Hampshire,South East,England,"74,152","1,024",2%,"49,481",2017
E14000714,GRANTHAM AND STAMFORD,Lincolnshire,East Midlands,England,"81,740",782,1%,"56,593",2017
E14000715,GRAVESHAM,Kent,South East,England,"72,954",723,1%,"48,997",2017
E14000716,GREAT GRIMSBY,Humberside,Yorkshire and The Humber,England,"61,743",,,"35,521",2017
E14000717,GREAT YARMOUTH,Norfolk,Eastern,England,"71,408",563,1%,"44,146",2017
E14000718,GREENWICH AND WOOLWICH,London,London,England,"77,190","1,605",3%,"53,106",2017
E14000719,GUILDFORD,Surrey,South East,England,"75,291","1,152",2%,"55,509",2017
E14000720,HACKNEY NORTH AND STOKE NEWINGTON,London,London,England,"85,058","2,606",5%,"56,298",2017
E14000721,HACKNEY SOUTH AND SHOREDITCH,London,London,England,"83,099","1,522",3%,"55,354",2017
E14000722,HALESOWEN AND ROWLEY REGIS,West Midlands,West Midlands,England,"68,856",440,1%,"44,379",2017
E14000723,HALIFAX,West Yorkshire,Yorkshire and The Humber,England,"71,224",,,"48,276",2017
E14000724,HALTEMPRICE AND HOWDEN,Humberside,Yorkshire and The Humber,England,"71,519",711,1%,"51,440",2017
E14000725,HALTON,Cheshire,North West,England,"73,457",,,"49,518",2017
E14000726,HAMMERSMITH,London,London,England,"72,803",800,2%,"52,252",2017
E14000727,HAMPSTEAD AND KILBURN,London,London,England,"82,957",742,1%,"58,407",2017
E14000728,HARBOROUGH,Leicestershire,East Midlands,England,"78,810","1,110",2%,"57,598",2017
E14000729,HARLOW,Essex,Eastern,England,"67,699",660,1%,"44,846",2017
E14000730,HARROGATE AND KNARESBOROUGH,North Yorkshire,Yorkshire and The Humber,England,"77,280",,,"56,740",2017
E14000731,HARROW EAST,London,London,England,"71,755",771,2%,"50,845",2017
E14000732,HARROW WEST,London,London,England,"69,797",652,1%,"50,355",2017
E14000733,HARTLEPOOL,Cleveland,North East,England,"70,718",,,"41,835",2017
E14000734,HARWICH AND NORTH ESSEX,Essex,Eastern,England,"71,294","1,042",2%,"51,141",2017
E14000735,HASTINGS AND RYE,East Sussex,South East,England,"78,319",,,"54,766",2017
E14000736,HAVANT,Hampshire,South East,England,"72,470","1,122",2%,"46,314",2017
E14000737,HAYES AND HARLINGTON,London,London,England,"73,268",571,1%,"47,802",2017
E14000738,HAZEL GROVE,Greater Manchester,North West,England,"63,166",516,1%,"44,132",2017
E14000739,HEMEL HEMPSTEAD,Hertfordshire,Eastern,England,"74,415","1,024",2%,"52,282",2017
E14000740,HEMSWORTH,West Yorkshire,Yorkshire and The Humber,England,"71,870",,,"45,944",2017
E14000741,HENDON,London,London,England,"76,522",578,1%,"52,215",2017
E14000742,HENLEY,Oxfordshire,South East,England,"74,997","1,864",3%,"57,099",2017
E14000743,HEREFORD AND SOUTH HEREFORDSHIRE,Hereford and Worcester,West Midlands,England,"71,088","1,220",2%,"50,484",2017
E14000744,HERTFORD AND STORTFORD,Hertfordshire,Eastern,England,"82,339","1,814",3%,"59,992",2017
E14000745,HERTSMERE,Hertfordshire,Eastern,England,"73,561",990,2%,"52,253",2017
E14000746,HEXHAM,Northumberland,North East,England,"61,053","1,253",3%,"46,224",2017
E14000747,HEYWOOD AND MIDDLETON,Greater Manchester,North West,England,"79,901",,,"49,865",2017
E14000748,HIGH PEAK,Derbyshire,East Midlands,England,"73,248",,,"53,853",2017
E14000749,HITCHIN AND HARPENDEN,Hertfordshire,Eastern,England,"75,916","1,329",2%,"58,783",2017
E14000750,HOLBORN AND ST PANCRAS,London,London,England,"88,088","1,980",3%,"58,997",2017
E14000751,HORNCHURCH AND UPMINSTER,London,London,England,"80,802","1,077",2%,"56,045",2017
E14000752,HORNSEY AND WOOD GREEN,London,London,England,"79,946","1,181",2%,"62,293",2017
E14000753,HORSHAM,West Sussex,South East,England,"82,772","1,844",3%,"61,987",2017
E14000754,HOUGHTON AND SUNDERLAND SOUTH,Tyne and Wear,North East,England,"68,123",725,2%,"41,480",2017
E14000755,HOVE,East Sussex,South East,England,"74,236",971,2%,"57,596",2017
E14000756,HUDDERSFIELD,West Yorkshire,Yorkshire and The Humber,England,"67,037","1,395",3%,"43,834",2017
E14000757,HUNTINGDON,Cambridgeshire,Eastern,England,"84,273","1,095",2%,"59,720",2017
E14000758,HYNDBURN,Lancashire,North West,England,"71,608",,,"45,202",2017
E14000759,ILFORD NORTH,London,London,England,"72,997",,,"52,941",2017
E14000760,ILFORD SOUTH,London,London,England,"85,358",542,1%,"57,657",2017
E14000761,IPSWICH,Suffolk,Eastern,England,"75,668",840,2%,"51,137",2017
E14000762,ISLE OF WIGHT,Isle of Wight,South East,England,"110,683","12,915",17%,"74,479",2017
E14000763,ISLINGTON NORTH,London,London,England,"74,831","2,229",4%,"54,928",2017
E14000764,ISLINGTON SOUTH AND FINSBURY,London,London,England,"69,536","1,198",2%,"48,049",2017
E14000765,JARROW,Tyne and Wear,North East,England,"64,778",745,2%,"43,023",2017
E14000766,KEIGHLEY,West Yorkshire,Yorkshire and The Humber,England,"71,429",790,2%,"51,714",2017
E14000767,KENILWORTH AND SOUTHAM,Warwickshire,West Midlands,England,"66,319","1,133",2%,"51,321",2017
E14000768,KENSINGTON,London,London,England,"60,588",767,2%,"38,677",2017
E14000769,KETTERING,Northamptonshire,East Midlands,England,"71,440","1,116",2%,"49,404",2017
E14000770,KINGSTON AND SURBITON,London,London,England,"81,588",536,1%,"62,178",2017
E14000771,KINGSTON UPON HULL EAST,Humberside,Yorkshire and The Humber,England,"65,959",493,1%,"36,638",2017
E14000772,KINGSTON UPON HULL NORTH,Humberside,Yorkshire and The Humber,England,"64,665",604,2%,"37,122",2017
E14000773,KINGSTON UPON HULL WEST AND HESSLE,Humberside,Yorkshire and The Humber,England,"60,181",332,1%,"34,565",2017
E14000774,KINGSWOOD,Avon,South West,England,"69,368",984,2%,"48,741",2017
E14000775,KNOWSLEY,Merseyside,North West,England,"81,760",521,1%,"55,483",2017
E14000776,LANCASTER AND FLEETWOOD,Lancashire,North West,England,"67,154",796,2%,"45,989",2017
E14000777,LEEDS CENTRAL,West Yorkshire,Yorkshire and The Humber,England,"89,537","1,189",2%,"47,673",2017
E14000778,LEEDS EAST,West Yorkshire,Yorkshire and The Humber,England,"65,950",434,1%,"41,441",2017
E14000779,LEEDS NORTH EAST,West Yorkshire,Yorkshire and The Humber,England,"70,112",680,1%,"52,999",2017
E14000780,LEEDS NORTH WEST,West Yorkshire,Yorkshire and The Humber,England,"68,152",582,1%,"46,287",2017
E14000781,LEEDS WEST,West Yorkshire,Yorkshire and The Humber,England,"67,955","1,023",2%,"42,229",2017
E14000782,LEICESTER EAST,Leicestershire,East Midlands,England,"77,788","1,070",2%,"52,424",2017
E14000783,LEICESTER SOUTH,Leicestershire,East Midlands,England,"75,534","1,177",2%,"50,517",2017
E14000784,LEICESTER WEST,Leicestershire,East Midlands,England,"64,843",607,2%,"37,512",2017
E14000785,LEIGH,Greater Manchester,North West,England,"76,202",,,"46,874",2017
E14000786,LEWES,East Sussex,South East,England,"70,941",,,"54,192",2017
E14000787,LEWISHAM EAST,London,London,England,"68,124",803,2%,"47,201",2017
E14000788,LEWISHAM WEST AND PENGE,London,London,England,"72,899","1,144",2%,"53,196",2017
E14000789,"LEWISHAM, DEPTFORD",London,London,England,"78,468","1,640",3%,"55,112",2017
E14000790,LEYTON AND WANSTEAD,London,London,England,"65,149","1,351",3%,"46,173",2017
E14000791,LICHFIELD,Staffordshire,West Midlands,England,"74,430","1,416",3%,"53,524",2017
E14000792,LINCOLN,Lincolnshire,East Midlands,England,"73,111",583,1%,"48,718",2017
E14000793,"LIVERPOOL, RIVERSIDE",Merseyside,North West,England,"76,332","1,582",3%,"48,020",2017
E14000794,"LIVERPOOL, WALTON",Merseyside,North West,England,"62,738",523,1%,"42,197",2017
E14000795,"LIVERPOOL, WAVERTREE",Merseyside,North West,England,"62,411",598,1%,"43,640",2017
E14000796,"LIVERPOOL, WEST DERBY",Merseyside,North West,England,"65,164",329,1%,"45,163",2017
E14000797,LOUGHBOROUGH,Leicestershire,East Midlands,England,"79,607",971,2%,"54,148",2017
E14000798,LOUTH AND HORNCASTLE,Lincolnshire,East Midlands,England,"79,007",,,"52,771",2017
E14000799,LUDLOW,Shropshire,West Midlands,England,"68,034","1,054",2%,"49,970",2017
E14000800,LUTON NORTH,Bedfordshire,Eastern,England,"66,811",648,1%,"46,622",2017
E14000801,LUTON SOUTH,Bedfordshire,Eastern,England,"67,188",439,1%,"46,133",2017
E14000802,MACCLESFIELD,Cheshire,North West,England,"75,228","1,213",2%,"54,307",2017
E14000803,MAIDENHEAD,Berkshire,South East,England,"76,076",907,2%,"58,239",2017
E14000804,MAIDSTONE AND THE WEALD,Kent,South East,England,"75,334",888,2%,"51,717",2017
E14000805,MAKERFIELD,Greater Manchester,North West,England,"74,259",,,"46,933",2017
E14000806,MALDON,Essex,Eastern,England,"71,470","1,073",2%,"50,202",2017
E14000807,MANCHESTER CENTRAL,Greater Manchester,North West,England,"90,261",846,2%,"49,720",2017
E14000808,"MANCHESTER, GORTON",Greater Manchester,North West,England,"75,362","1,038",2%,"45,953",2017
E14000809,"MANCHESTER, WITHINGTON",Greater Manchester,North West,England,"74,654",865,2%,"53,602",2017
E14000810,MANSFIELD,Nottinghamshire,East Midlands,England,"77,811",,,"50,157",2017
E14000811,MEON VALLEY,Hampshire,South East,England,"74,246","1,301",2%,"54,192",2017
E14000812,MERIDEN,West Midlands,West Midlands,England,"81,443","1,416",3%,"54,643",2017
E14000813,MID BEDFORDSHIRE,Bedfordshire,Eastern,England,"84,161","1,794",3%,"63,138",2017
E14000814,MID DERBYSHIRE,Derbyshire,East Midlands,England,"67,466","1,168",2%,"50,371",2017
E14000815,MID DORSET AND NORTH POOLE,Dorset,South West,England,"65,050",,,"48,254",2017
E14000816,MID NORFOLK,Norfolk,Eastern,England,"80,027","1,158",2%,"55,668",2017
E14000817,MID SUSSEX,West Sussex,South East,England,"84,170","1,571",3%,"61,632",2017
E14000818,MID WORCESTERSHIRE,Hereford and Worcester,West Midlands,England,"76,057","1,371",2%,"55,089",2017
E14000819,MIDDLESBROUGH,Cleveland,North East,England,"61,059",250,1%,"35,637",2017
E14000820,MIDDLESBROUGH SOUTH AND EAST CLEVELAND,Cleveland,North East,England,"72,336",,,"47,620",2017
E14000821,MILTON KEYNES NORTH,Buckinghamshire,South East,England,"89,207","1,107",2%,"63,924",2017
E14000822,MILTON KEYNES SOUTH,Buckinghamshire,South East,England,"92,417","1,179",2%,"64,546",2017
E14000823,MITCHAM AND MORDEN,London,London,England,"68,705",644,1%,"48,118",2017
E14000824,MOLE VALLEY,Surrey,South East,England,"74,545","1,463",3%,"56,726",2017
E14000825,MORECAMBE AND LUNESDALE,Lancashire,North West,England,"66,818",478,1%,"45,657",2017
E14000826,MORLEY AND OUTWOOD,West Yorkshire,Yorkshire and The Humber,England,"76,495",,,"52,357",2017
E14000827,NEW FOREST EAST,Hampshire,South East,England,"72,602","1,251",2%,"51,366",2017
E14000828,NEW FOREST WEST,Hampshire,South East,England,"68,786","1,454",3%,"49,627",2017
E14000829,NEWARK,Nottinghamshire,East Midlands,England,"75,510",,,"55,042",2017
E14000830,NEWBURY,Berkshire,South East,England,"82,924","1,531",3%,"60,849",2017
E14000831,NEWCASTLE UPON TYNE CENTRAL,Tyne and Wear,North East,England,"55,368",595,2%,"37,094",2017
E14000832,NEWCASTLE UPON TYNE EAST,Tyne and Wear,North East,England,"61,989",755,2%,"41,637",2017
E14000833,NEWCASTLE UPON TYNE NORTH,Tyne and Wear,North East,England,"66,073",513,1%,"48,288",2017
E14000834,NEWCASTLE-UNDER-LYME,Staffordshire,West Midlands,England,"65,596",,,"43,842",2017
E14000835,NEWTON ABBOT,Devon,South West,England,"71,714",926,2%,"51,637",2017
E14000836,"NORMANTON, PONTEFRACT AND CASTLEFORD",West Yorkshire,Yorkshire and The Humber,England,"81,641",,,"49,191",2017
E14000837,NORTH CORNWALL,Cornwall,South West,England,"68,844",,,"50,944",2017
E14000838,NORTH DEVON,Devon,South West,England,"75,801",753,1%,"55,705",2017
E14000839,NORTH DORSET,Dorset,South West,England,"76,324","1,607",3%,"55,724",2017
E14000840,NORTH DURHAM,Durham,North East,England,"66,970",,,"43,284",2017
E14000841,NORTH EAST BEDFORDSHIRE,Bedfordshire,Eastern,England,"87,505","1,215",2%,"64,220",2017
E14000842,NORTH EAST CAMBRIDGESHIRE,Cambridgeshire,Eastern,England,"84,414","1,024",2%,"53,284",2017
E14000843,NORTH EAST DERBYSHIRE,Derbyshire,East Midlands,England,"72,097",719,1%,"50,380",2017
E14000844,NORTH EAST HAMPSHIRE,Hampshire,South East,England,"74,576","1,476",3%,"57,627",2017
E14000845,NORTH EAST HERTFORDSHIRE,Hertfordshire,Eastern,England,"75,965","2,965",5%,"55,580",2017
E14000846,NORTH EAST SOMERSET,Avon,South West,England,"71,355","1,245",2%,"54,043",2017
E14000847,NORTH HEREFORDSHIRE,Hereford and Worcester,West Midlands,England,"67,751","2,771",6%,"50,177",2017
E14000848,NORTH NORFOLK,Norfolk,Eastern,England,"69,271",,,"52,188",2017
E14000849,NORTH SHROPSHIRE,Shropshire,West Midlands,England,"80,535","1,722",3%,"55,599",2017
E14000850,NORTH SOMERSET,Avon,South West,England,"80,529","1,976",3%,"61,994",2017
E14000851,NORTH SWINDON,Wiltshire,South West,England,"80,168",858,2%,"54,911",2017
E14000852,NORTH THANET,Kent,South East,England,"72,651",825,2%,"48,325",2017
E14000853,NORTH TYNESIDE,Tyne and Wear,North East,England,"78,914",669,1%,"51,892",2017
E14000854,NORTH WARWICKSHIRE,Warwickshire,West Midlands,England,"72,277",940,2%,"47,178",2017
E14000855,NORTH WEST CAMBRIDGESHIRE,Cambridgeshire,Eastern,England,"93,221","1,255",2%,"63,991",2017
E14000856,NORTH WEST DURHAM,Durham,North East,England,"71,918",530,1%,"47,902",2017
E14000857,NORTH WEST HAMPSHIRE,Hampshire,South East,England,"81,430","1,334",2%,"58,772",2017
E14000858,NORTH WEST LEICESTERSHIRE,Leicestershire,East Midlands,England,"75,362","1,101",2%,"53,541",2017
E14000859,NORTH WEST NORFOLK,Norfolk,Eastern,England,"72,062",851,2%,"48,811",2017
E14000860,NORTH WILTSHIRE,Wiltshire,South West,England,"71,408","1,141",2%,"53,706",2017
E14000861,NORTHAMPTON NORTH,Northamptonshire,East Midlands,England,"58,861",636,2%,"40,378",2017
E14000862,NORTHAMPTON SOUTH,Northamptonshire,East Midlands,England,"61,766",696,2%,"41,034",2017
E14000863,NORWICH NORTH,Norfolk,Eastern,England,"66,924",782,2%,"45,895",2017
E14000864,NORWICH SOUTH,Norfolk,Eastern,England,"74,182","1,492",3%,"51,359",2017
E14000865,NOTTINGHAM EAST,Nottinghamshire,East Midlands,England,"61,760",698,2%,"39,327",2017
E14000866,NOTTINGHAM NORTH,Nottinghamshire,East Midlands,England,"66,886",538,1%,"38,319",2017
E14000867,NOTTINGHAM SOUTH,Nottinghamshire,East Midlands,England,"71,182",598,1%,"48,129",2017
E14000868,NUNEATON,Warwickshire,West Midlands,England,"69,201",763,2%,"46,067",2017
E14000869,OLD BEXLEY AND SIDCUP,London,London,England,"66,005",820,2%,"48,042",2017
E14000870,OLDHAM EAST AND SADDLEWORTH,Greater Manchester,North West,England,"72,184",,,"47,037",2017
E14000871,OLDHAM WEST AND ROYTON,Greater Manchester,North West,England,"72,401",439,1%,"45,788",2017
E14000872,ORPINGTON,London,London,England,"67,902","1,060",2%,"50,461",2017
E14000873,OXFORD EAST,Oxfordshire,South East,England,"78,350","1,785",3%,"53,896",2017
E14000874,OXFORD WEST AND ABINGDON,Oxfordshire,South East,England,"75,574",,,"60,020",2017
E14000875,PENDLE,Lancashire,North West,England,"64,962",502,1%,"44,854",2017
E14000876,PENISTONE AND STOCKSBRIDGE,South Yorkshire,Yorkshire and The Humber,England,"71,293",,,"49,787",2017
E14000877,PENRITH AND THE BORDER,Cumbria,North West,England,"65,139","1,029",2%,"46,470",2017
E14000878,PETERBOROUGH,Cambridgeshire,Eastern,England,"71,522",848,2%,"47,738",2017
E14000879,"PLYMOUTH, MOOR VIEW",Devon,South West,England,"69,342",536,1%,"45,417",2017
E14000880,"PLYMOUTH, SUTTON AND DEVONPORT",Devon,South West,England,"76,584",604,1%,"51,208",2017
E14000881,POOLE,Dorset,South West,England,"73,796","1,299",3%,"49,850",2017
E14000882,POPLAR AND LIMEHOUSE,London,London,England,"87,331",989,2%,"58,814",2017
E14000883,PORTSMOUTH NORTH,Hampshire,South East,England,"71,374",791,2%,"47,210",2017
E14000884,PORTSMOUTH SOUTH,Hampshire,South East,England,"69,785",712,2%,"44,566",2017
E14000885,PRESTON,Lancashire,North West,England,"57,791",348,1%,"35,597",2017
E14000886,PUDSEY,West Yorkshire,Yorkshire and The Humber,England,"72,622",,,"53,959",2017
E14000887,PUTNEY,London,London,England,"65,031","1,107",2%,"46,894",2017
E14000888,RAYLEIGH AND WICKFORD,Essex,Eastern,England,"78,556","1,062",2%,"55,323",2017
E14000889,READING EAST,Berkshire,South East,England,"75,537","1,093",2%,"55,238",2017
E14000890,READING WEST,Berkshire,South East,England,"74,523",979,2%,"51,766",2017
E14000891,REDCAR,Cleveland,North East,England,"66,836",,,"42,560",2017
E14000892,REDDITCH,Hereford and Worcester,West Midlands,England,"64,413",380,1%,"45,203",2017
E14000893,REIGATE,Surrey,South East,England,"74,628","2,214",4%,"53,823",2017
E14000894,RIBBLE VALLEY,Lancashire,North West,England,"77,968","1,314",2%,"55,200",2017
E14000895,RICHMOND (YORKS),North Yorkshire,Yorkshire and The Humber,England,"80,905","1,739",3%,"57,013",2017
E14000896,RICHMOND PARK,London,London,England,"80,025",,,"63,330",2017
E14000897,ROCHDALE,Greater Manchester,North West,England,"78,064",,,"50,044",2017
E14000898,ROCHESTER AND STROOD,Kent,South East,England,"82,702",781,1%,"53,769",2017
E14000899,ROCHFORD AND SOUTHEND EAST,Essex,Eastern,England,"73,501",804,2%,"47,248",2017
E14000900,ROMFORD,London,London,England,"73,493",815,2%,"49,944",2017
E14000901,ROMSEY AND SOUTHAMPTON NORTH,Hampshire,South East,England,"67,186",953,2%,"50,128",2017
E14000902,ROSSENDALE AND DARWEN,Lancashire,North West,England,"72,486",824,2%,"50,156",2017
E14000903,ROTHER VALLEY,South Yorkshire,Yorkshire and The Humber,England,"75,230",869,2%,"49,488",2017
E14000904,ROTHERHAM,South Yorkshire,Yorkshire and The Humber,England,"63,237",,,"37,923",2017
E14000905,RUGBY,Warwickshire,West Midlands,England,"72,175",953,2%,"51,336",2017
E14000906,"RUISLIP, NORTHWOOD AND PINNER",London,London,England,"73,427","1,268",2%,"53,382",2017
E14000907,RUNNYMEDE AND WEYBRIDGE,Surrey,South East,England,"74,888","1,347",3%,"51,609",2017
E14000908,RUSHCLIFFE,Nottinghamshire,East Midlands,England,"74,738","1,626",3%,"58,311",2017
E14000909,RUTLAND AND MELTON,Leicestershire,East Midlands,England,"78,463","1,755",3%,"57,569",2017
E14000910,SAFFRON WALDEN,Essex,Eastern,England,"83,072",,,"60,911",2017
E14000911,SALFORD AND ECCLES,Greater Manchester,North West,England,"78,080",809,2%,"47,619",2017
E14000912,SALISBURY,Wiltshire,South West,England,"72,892","1,152",2%,"53,311",2017
E14000913,SCARBOROUGH AND WHITBY,North Yorkshire,Yorkshire and The Humber,England,"73,599",915,2%,"50,449",2017
E14000914,SCUNTHORPE,Humberside,Yorkshire and The Humber,England,"61,578",,,"40,202",2017
E14000915,SEDGEFIELD,Durham,North East,England,"63,889",686,2%,"41,591",2017
E14000916,SEFTON CENTRAL,Merseyside,North West,England,"69,019",656,1%,"52,079",2017
E14000917,SELBY AND AINSTY,North Yorkshire,Yorkshire and The Humber,England,"75,918",,,"56,076",2017
E14000918,SEVENOAKS,Kent,South East,England,"71,565","1,673",3%,"51,218",2017
E14000919,SHEFFIELD CENTRAL,South Yorkshire,Yorkshire and The Humber,England,"77,560","3,848",8%,"47,877",2017
E14000920,SHEFFIELD SOUTH EAST,South Yorkshire,Yorkshire and The Humber,England,"68,945",,,"43,596",2017
E14000921,"SHEFFIELD, BRIGHTSIDE AND HILLSBOROUGH",South Yorkshire,Yorkshire and The Humber,England,"70,344",737,2%,"41,870",2017
E14000922,"SHEFFIELD, HALLAM",South Yorkshire,Yorkshire and The Humber,England,"73,455",823,1%,"57,020",2017
E14000923,"SHEFFIELD, HEELEY",South Yorkshire,Yorkshire and The Humber,England,"68,040",943,2%,"44,226",2017
E14000924,SHERWOOD,Nottinghamshire,East Midlands,England,"76,196",664,1%,"53,364",2017
E14000925,SHIPLEY,West Yorkshire,Yorkshire and The Humber,England,"73,133",,,"53,395",2017
E14000926,SHREWSBURY AND ATCHAM,Shropshire,West Midlands,England,"79,043","1,067",2%,"58,203",2017
E14000927,SITTINGBOURNE AND SHEPPEY,Kent,South East,England,"81,717",558,1%,"51,389",2017
E14000928,SKIPTON AND RIPON,North Yorkshire,Yorkshire and The Humber,England,"78,104","3,734",6%,"58,138",2017
E14000929,SLEAFORD AND NORTH HYKEHAM,Lincolnshire,East Midlands,England,"90,929",968,1%,"65,797",2017
E14000930,SLOUGH,Berkshire,South East,England,"83,272",,,"54,295",2017
E14000931,SOLIHULL,West Midlands,West Midlands,England,"77,789","1,157",2%,"56,748",2017
E14000932,SOMERTON AND FROME,Somerset,South West,England,"84,437","2,347",4%,"63,892",2017
E14000933,SOUTH BASILDON AND EAST THURROCK,Essex,Eastern,England,"73,537",680,1%,"47,120",2017
E14000934,SOUTH CAMBRIDGESHIRE,Cambridgeshire,Eastern,England,"85,257","1,512",2%,"64,924",2017
E14000935,SOUTH DERBYSHIRE,Derbyshire,East Midlands,England,"76,380",917,2%,"52,631",2017
E14000936,SOUTH DORSET,Dorset,South West,England,"75,553","2,278",4%,"51,906",2017
E14000937,SOUTH EAST CAMBRIDGESHIRE,Cambridgeshire,Eastern,England,"86,121",,,"63,002",2017
E14000938,SOUTH EAST CORNWALL,Cornwall,South West,England,"71,880","1,335",3%,"53,224",2017
E14000939,SOUTH HOLLAND AND THE DEEPINGS,Lincolnshire,East Midlands,England,"76,374",894,2%,"50,315",2017
E14000940,SOUTH LEICESTERSHIRE,Leicestershire,East Midlands,England,"78,985","1,092",2%,"56,689",2017
E14000941,SOUTH NORFOLK,Norfolk,Eastern,England,"83,055","1,555",3%,"61,111",2017
E14000942,SOUTH NORTHAMPTONSHIRE,Northamptonshire,East Midlands,England,"85,759","1,357",2%,"64,998",2017
E14000943,SOUTH RIBBLE,Lancashire,North West,England,"75,752",494,1%,"54,834",2017
E14000944,SOUTH SHIELDS,Tyne and Wear,North East,England,"63,433","1,437",4%,"40,772",2017
E14000945,SOUTH STAFFORDSHIRE,Staffordshire,West Midlands,England,"73,441","1,182",2%,"51,109",2017
E14000946,SOUTH SUFFOLK,Suffolk,Eastern,England,"75,485","1,723",3%,"54,235",2017
E14000947,SOUTH SWINDON,Wiltshire,South West,England,"72,372",747,1%,"51,271",2017
E14000948,SOUTH THANET,Kent,South East,England,"72,334",809,2%,"49,753",2017
E14000949,SOUTH WEST BEDFORDSHIRE,Bedfordshire,Eastern,England,"79,658",950,2%,"55,635",2017
E14000950,SOUTH WEST DEVON,Devon,South West,England,"71,260","1,133",2%,"52,857",2017
E14000951,SOUTH WEST HERTFORDSHIRE,Hertfordshire,Eastern,England,"81,087","1,576",3%,"60,653",2017
E14000952,SOUTH WEST NORFOLK,Norfolk,Eastern,England,"77,874",,,"52,416",2017
E14000953,SOUTH WEST SURREY,Surrey,South East,England,"78,042",,,"60,432",2017
E14000954,SOUTH WEST WILTSHIRE,Wiltshire,South West,England,"76,898","1,445",3%,"54,751",2017
E14000955,"SOUTHAMPTON, ITCHEN",Hampshire,South East,England,"71,722",725,2%,"46,783",2017
E14000956,"SOUTHAMPTON, TEST",Hampshire,South East,England,"70,199",,,"46,903",2017
E14000957,SOUTHEND WEST,Essex,Eastern,England,"67,677",831,2%,"47,191",2017
E14000958,SOUTHPORT,Merseyside,North West,England,"69,400",,,"47,956",2017
E14000959,SPELTHORNE,Surrey,South East,England,"72,641","1,105",2%,"50,115",2017
E14000960,ST ALBANS,Hertfordshire,Eastern,England,"72,811",828,1%,"56,998",2017
E14000961,ST AUSTELL AND NEWQUAY,Cornwall,South West,England,"78,609",,,"54,212",2017
E14000962,ST HELENS NORTH,Merseyside,North West,England,"76,088","1,220",2%,"50,222",2017
E14000963,ST HELENS SOUTH AND WHISTON,Merseyside,North West,England,"79,036","1,417",3%,"52,886",2017
E14000964,ST IVES,Cornwall,South West,England,"67,145",,,"51,226",2017
E14000965,STAFFORD,Staffordshire,West Midlands,England,"68,445","1,265",2%,"51,924",2017
E14000966,STAFFORDSHIRE MOORLANDS,Staffordshire,West Midlands,England,"63,260",541,1%,"44,655",2017
E14000967,STALYBRIDGE AND HYDE,Greater Manchester,North West,England,"71,409",991,2%,"42,457",2017
E14000968,STEVENAGE,Hertfordshire,Eastern,England,"70,765","1,085",2%,"49,327",2017
E14000969,STOCKPORT,Greater Manchester,North West,England,"64,236",591,1%,"41,544",2017
E14000970,STOCKTON NORTH,Cleveland,North East,England,"66,285",358,1%,"42,731",2017
E14000971,STOCKTON SOUTH,Cleveland,North East,England,"75,625",371,1%,"53,824",2017
E14000972,STOKE-ON-TRENT CENTRAL,Staffordshire,West Midlands,England,"56,915",378,1%,"33,145",2017
E14000973,STOKE-ON-TRENT NORTH,Staffordshire,West Midlands,England,"71,558",685,2%,"41,786",2017
E14000974,STOKE-ON-TRENT SOUTH,Staffordshire,West Midlands,England,"66,057",643,2%,"41,690",2017
E14000975,STONE,Staffordshire,West Midlands,England,"67,824",707,1%,"50,032",2017
E14000976,STOURBRIDGE,West Midlands,West Midlands,England,"70,215",493,1%,"47,135",2017
E14000977,STRATFORD-ON-AVON,Warwickshire,West Midlands,England,"72,572","1,345",3%,"53,532",2017
E14000978,STREATHAM,London,London,England,"78,649","1,696",3%,"55,795",2017
E14000979,STRETFORD AND URMSTON,Greater Manchester,North West,England,"71,833",641,1%,"50,191",2017
E14000980,STROUD,Gloucestershire,South West,England,"82,839","1,423",2%,"63,816",2017
E14000981,SUFFOLK COASTAL,Suffolk,Eastern,England,"79,366","1,802",3%,"58,074",2017
E14000982,SUNDERLAND CENTRAL,Tyne and Wear,North East,England,"72,728",705,2%,"45,111",2017
E14000983,SURREY HEATH,Surrey,South East,England,"80,764","2,258",4%,"57,822",2017
E14000984,SUTTON AND CHEAM,London,London,England,"70,404",871,2%,"51,970",2017
E14000985,SUTTON COLDFIELD,West Midlands,West Midlands,England,"75,652",965,2%,"52,858",2017
E14000986,TAMWORTH,Staffordshire,West Midlands,England,"71,308",,,"47,110",2017
E14000987,TATTON,Cheshire,North West,England,"67,874","1,024",2%,"49,116",2017
E14000988,TAUNTON DEANE,Somerset,South West,England,"85,457","1,151",2%,"63,053",2017
E14000989,TELFORD,Shropshire,West Midlands,England,"68,106",898,2%,"44,686",2017
E14000990,TEWKESBURY,Gloucestershire,South West,England,"81,440","1,576",3%,"59,084",2017
E14000991,THE COTSWOLDS,Gloucestershire,South West,England,"80,449","1,747",3%,"59,702",2017
E14000992,THE WREKIN,Shropshire,West Midlands,England,"68,604",804,2%,"49,523",2017
E14000993,THIRSK AND MALTON,North Yorkshire,Yorkshire and The Humber,England,"78,670","1,100",2%,"55,929",2017
E14000994,THORNBURY AND YATE,Avon,South West,England,"67,892",633,1%,"50,690",2017
E14000995,THURROCK,Essex,Eastern,England,"78,154",,,"50,325",2017
E14000996,TIVERTON AND HONITON,Devon,South West,England,"80,731","2,035",4%,"57,815",2017
E14000997,TONBRIDGE AND MALLING,Kent,South East,England,"77,417","2,335",4%,"56,907",2017
E14000998,TOOTING,London,London,England,"77,971",845,1%,"58,171",2017
E14000999,TORBAY,Devon,South West,England,"75,931",652,1%,"51,174",2017
E14001000,TORRIDGE AND WEST DEVON,Devon,South West,England,"80,524","1,622",3%,"59,480",2017
E14001001,TOTNES,Devon,South West,England,"68,914","2,097",4%,"50,270",2017
E14001002,TOTTENHAM,London,London,England,"72,884","1,276",3%,"49,339",2017
E14001003,TRURO AND FALMOUTH,Cornwall,South West,England,"74,683",831,1%,"56,647",2017
E14001004,TUNBRIDGE WELLS,Kent,South East,England,"74,782","1,441",3%,"54,209",2017
E14001005,TWICKENHAM,London,London,England,"83,362",,,"66,290",2017
E14001006,TYNEMOUTH,Tyne and Wear,North East,England,"77,434",629,1%,"56,858",2017
E14001007,UXBRIDGE AND SOUTH RUISLIP,London,London,England,"69,936",884,2%,"46,694",2017
E14001008,VAUXHALL,London,London,England,"82,055","1,152",2%,"55,042",2017
E14001009,WAKEFIELD,West Yorkshire,Yorkshire and The Humber,England,"70,340",,,"46,284",2017
E14001010,WALLASEY,Merseyside,North West,England,"67,454",637,1%,"48,353",2017
E14001011,WALSALL NORTH,West Midlands,West Midlands,England,"67,308",,,"38,118",2017
E14001012,WALSALL SOUTH,West Midlands,West Midlands,England,"67,417",,,"44,072",2017
E14001013,WALTHAMSTOW,London,London,England,"67,957","1,190",2%,"48,143",2017
E14001014,WANSBECK,Northumberland,North East,England,"62,151",715,2%,"42,454",2017
E14001015,WANTAGE,Oxfordshire,South East,England,"85,786","1,546",2%,"63,602",2017
E14001016,WARLEY,West Midlands,West Midlands,England,"63,739",555,1%,"40,206",2017
E14001017,WARRINGTON NORTH,Cheshire,North West,England,"71,918",619,1%,"48,517",2017
E14001018,WARRINGTON SOUTH,Cheshire,North West,England,"85,617",,,"61,995",2017
E14001019,WARWICK AND LEAMINGTON,Warwickshire,West Midlands,England,"74,237","1,198",2%,"54,055",2017
E14001020,WASHINGTON AND SUNDERLAND WEST,Tyne and Wear,North East,England,"67,280",514,1%,"40,574",2017
E14001021,WATFORD,Hertfordshire,Eastern,England,"86,507",721,1%,"58,610",2017
E14001022,WAVENEY,Suffolk,Eastern,England,"80,763","1,332",3%,"52,674",2017
E14001023,WEALDEN,East Sussex,South East,England,"81,425","1,959",3%,"60,464",2017
E14001024,WEAVER VALE,Cheshire,North West,England,"69,016",786,2%,"50,613",2017
E14001025,WELLINGBOROUGH,Northamptonshire,East Midlands,England,"79,254",956,2%,"53,240",2017
E14001026,WELLS,Somerset,South West,England,"82,451",,,"60,843",2017
E14001027,WELWYN HATFIELD,Hertfordshire,Eastern,England,"72,888",835,2%,"51,669",2017
E14001028,WENTWORTH AND DEARNE,South Yorkshire,Yorkshire and The Humber,England,"74,890",,,"43,947",2017
E14001029,WEST BROMWICH EAST,West Midlands,West Midlands,England,"63,846",533,1%,"39,098",2017
E14001030,WEST BROMWICH WEST,West Midlands,West Midlands,England,"65,967",323,1%,"36,094",2017
E14001031,WEST DORSET,Dorset,South West,England,"79,048","1,631",3%,"59,598",2017
E14001032,WEST HAM,London,London,England,"92,418",957,2%,"60,708",2017
E14001033,WEST LANCASHIRE,Lancashire,North West,England,"73,257",680,1%,"54,389",2017
E14001034,WEST SUFFOLK,Suffolk,Eastern,England,"77,348",935,2%,"51,746",2017
E14001035,WEST WORCESTERSHIRE,Hereford and Worcester,West Midlands,England,"74,375","1,605",3%,"56,471",2017
E14001036,WESTMINSTER NORTH,London,London,England,"63,846",595,1%,"43,295",2017
E14001037,WESTMORLAND AND LONSDALE,Cumbria,North West,England,"66,391",,,"51,687",2017
E14001038,WESTON-SUPER-MARE,Avon,South West,England,"82,136",888,2%,"56,415",2017
E14001039,WIGAN,Greater Manchester,North West,England,"75,359",753,2%,"47,542",2017
E14001040,WIMBLEDON,London,London,England,"66,780","1,231",2%,"51,526",2017
E14001041,WINCHESTER,Hampshire,South East,England,"72,497",846,1%,"57,156",2017
E14001042,WINDSOR,Berkshire,South East,England,"73,595","1,435",3%,"53,921",2017
E14001043,WIRRAL SOUTH,Merseyside,North West,England,"57,670",454,1%,"45,195",2017
E14001044,WIRRAL WEST,Merseyside,North West,England,"55,995",429,1%,"43,951",2017
E14001045,WITHAM,Essex,Eastern,England,"69,137","1,832",4%,"49,241",2017
E14001046,WITNEY,Oxfordshire,South East,England,"82,727","1,053",2%,"60,927",2017
E14001047,WOKING,Surrey,South East,England,"76,170","1,092",2%,"55,246",2017
E14001048,WOKINGHAM,Berkshire,South East,England,"79,111","1,364",2%,"59,690",2017
E14001049,WOLVERHAMPTON NORTH EAST,West Midlands,West Midlands,England,"60,770",482,1%,"36,508",2017
E14001050,WOLVERHAMPTON SOUTH EAST,West Midlands,West Midlands,England,"60,301",421,1%,"36,304",2017
E14001051,WOLVERHAMPTON SOUTH WEST,West Midlands,West Midlands,England,"59,971",579,1%,"42,346",2017
E14001052,WORCESTER,Hereford and Worcester,West Midlands,England,"73,893","1,211",2%,"51,423",2017
E14001053,WORKINGTON,Cumbria,North West,England,"60,265",,,"41,676",2017
E14001054,WORSLEY AND ECCLES SOUTH,Greater Manchester,North West,England,"73,689",842,2%,"45,642",2017
E14001055,WORTHING WEST,West Sussex,South East,England,"77,757","1,614",3%,"54,503",2017
E14001056,WYCOMBE,Buckinghamshire,South East,England,"77,087","1,182",2%,"53,493",2017
E14001057,WYRE AND PRESTON NORTH,Lancashire,North West,England,"72,319",973,2%,"52,646",2017
E14001058,WYRE FOREST,Hereford and Worcester,West Midlands,England,"77,758","1,025",2%,"51,129",2017
E14001059,WYTHENSHAWE AND SALE EAST,Greater Manchester,North West,England,"76,361",576,1%,"45,846",2017
E14001060,YEOVIL,Somerset,South West,England,"82,916","1,052",2%,"59,404",2017
E14001061,YORK CENTRAL,North Yorkshire,Yorkshire and The Humber,England,"77,315",,,"53,088",2017
E14001062,YORK OUTER,North Yorkshire,Yorkshire and The Humber,England,"75,835","1,094",2%,"57,427",2017
N06000001,BELFAST EAST,,Northern Ireland,Northern Ireland,"63,495",561,1%,"42,890",2017
N06000002,BELFAST NORTH,,Northern Ireland,Northern Ireland,"68,249",644,1%,"45,936",2017
N06000003,BELFAST SOUTH,,Northern Ireland,Northern Ireland,"66,105","2,241",5%,"43,705",2017
N06000004,BELFAST WEST,,Northern Ireland,Northern Ireland,"62,423",,,"40,633",2017
N06000005,EAST ANTRIM,,Northern Ireland,Northern Ireland,"62,908",,,"38,143",2017
N06000006,EAST LONDONDERRY,,Northern Ireland,Northern Ireland,"67,038",,,"41,030",2017
N06000007,FERMANAGH AND SOUTH TYRONE,,Northern Ireland,Northern Ireland,"70,601",423,1%,"53,481",2017
N06000008,FOYLE,,Northern Ireland,Northern Ireland,"70,324",,,"45,965",2017
N06000009,LAGAN VALLEY,,Northern Ireland,Northern Ireland,"72,380",,,"44,926",2017
N06000010,MID ULSTER,,Northern Ireland,Northern Ireland,"68,485",,,"46,694",2017
N06000011,NEWRY AND ARMAGH,,Northern Ireland,Northern Ireland,"78,266",,,"53,579",2017
N06000012,NORTH ANTRIM,,Northern Ireland,Northern Ireland,"75,657",,,"48,460",2017
N06000013,NORTH DOWN,,Northern Ireland,Northern Ireland,"64,334","2,549",7%,"39,185",2017
N06000014,SOUTH ANTRIM,,Northern Ireland,Northern Ireland,"68,244",,,"43,170",2017
N06000015,SOUTH DOWN,,Northern Ireland,Northern Ireland,"75,685",,,"50,893",2017
N06000016,STRANGFORD,,Northern Ireland,Northern Ireland,"64,327",607,2%,"38,749",2017
N06000017,UPPER BANN,,Northern Ireland,Northern Ireland,"80,168",,,"51,258",2017
N06000018,WEST TYRONE,,Northern Ireland,Northern Ireland,"64,009",427,1%,"43,486",2017
S14000001,ABERDEEN NORTH,,Scotland,Scotland,"62,130",,,"36,757",2017
S14000002,ABERDEEN SOUTH,,Scotland,Scotland,"64,964",,,"44,493",2017
S14000003,AIRDRIE AND SHOTTS,,Scotland,Scotland,"64,146",,,"38,002",2017
S14000004,ANGUS,,Scotland,Scotland,"63,840",,,"40,192",2017
S14000005,ARGYLL AND BUTE,,Scotland,Scotland,"67,230",,,"48,069",2017
S14000006,"AYR, CARRICK AND CUMNOCK",,Scotland,Scotland,"71,241",,,"46,222",2017
S14000007,BANFF AND BUCHAN,,Scotland,Scotland,"67,601",,,"41,643",2017
S14000008,"BERWICKSHIRE, ROXBURGH AND SELKIRK",,Scotland,Scotland,"73,191",,,"52,367",2017
S14000009,"CAITHNESS, SUTHERLAND AND EASTER ROSS",,Scotland,Scotland,"46,868",,,"30,901",2017
S14000010,CENTRAL AYRSHIRE,,Scotland,Scotland,"68,999",,,"45,087",2017
S14000011,"COATBRIDGE, CHRYSTON AND BELLSHILL",,Scotland,Scotland,"71,198",,,"45,040",2017
S14000012,"CUMBERNAULD, KILSYTH AND KIRKINTILLOCH EAST",,Scotland,Scotland,"66,554",,,"43,833",2017
S14000013,DUMFRIES AND GALLOWAY,,Scotland,Scotland,"74,206",,,"51,599",2017
S14000014,"DUMFRIESSHIRE, CLYDESDALE AND TWEEDDALE",,Scotland,Scotland,"67,672",,,"48,964",2017
S14000015,DUNDEE EAST,,Scotland,Scotland,"65,854",,,"42,928",2017
S14000016,DUNDEE WEST,,Scotland,Scotland,"62,644",,,"38,677",2017
S14000017,DUNFERMLINE AND WEST FIFE,,Scotland,Scotland,"75,672",,,"51,010",2017
S14000018,EAST DUNBARTONSHIRE,,Scotland,Scotland,"66,300",,,"51,801",2017
S14000019,"EAST KILBRIDE, STRATHAVEN AND LESMAHAGOW",,Scotland,Scotland,"80,442",,,"54,102",2017
S14000020,EAST LOTHIAN,,Scotland,Scotland,"79,093",,,"55,878",2017
S14000021,EAST RENFREWSHIRE,,Scotland,Scotland,"70,067",,,"53,738",2017
S14000022,EDINBURGH EAST,,Scotland,Scotland,"65,896",,,"43,523",2017
S14000023,EDINBURGH NORTH AND LEITH,,Scotland,Scotland,"79,473","1,727",3%,"56,552",2017
S14000024,EDINBURGH SOUTH,,Scotland,Scotland,"64,553",,,"47,840",2017
S14000025,EDINBURGH SOUTH WEST,,Scotland,Scotland,"71,178",,,"49,390",2017
S14000026,EDINBURGH WEST,,Scotland,Scotland,"71,500",,,"52,795",2017
S14000027,NA H-EILEANAN AN IAR,,Scotland,Scotland,"21,301",,,"14,818",2017
S14000028,FALKIRK,,Scotland,Scotland,"82,240",908,2%,"53,809",2017
S14000029,GLASGOW CENTRAL,,Scotland,Scotland,"64,346",,,"35,984",2017
S14000030,GLASGOW EAST,,Scotland,Scotland,"66,242",,,"36,166",2017
S14000031,GLASGOW NORTH,,Scotland,Scotland,"53,862","3,251",10%,"33,473",2017
S14000032,GLASGOW NORTH EAST,,Scotland,Scotland,"59,931",,,"31,775",2017
S14000033,GLASGOW NORTH WEST,,Scotland,Scotland,"63,773",,,"38,844",2017
S14000034,GLASGOW SOUTH,,Scotland,Scotland,"69,126",,,"44,550",2017
S14000035,GLASGOW SOUTH WEST,,Scotland,Scotland,"62,991",,,"35,378",2017
S14000036,GLENROTHES,,Scotland,Scotland,"66,378",,,"40,399",2017
S14000037,GORDON,,Scotland,Scotland,"78,531",,,"53,685",2017
S14000038,INVERCLYDE,,Scotland,Scotland,"58,853",,,"39,093",2017
S14000039,"INVERNESS, NAIRN, BADENOCH AND STRATHSPEY",,Scotland,Scotland,"76,844",,,"52,801",2017
S14000040,KILMARNOCK AND LOUDOUN,,Scotland,Scotland,"73,327",,,"46,509",2017
S14000041,KIRKCALDY AND COWDENBEATH,,Scotland,Scotland,"72,721",,,"46,193",2017
S14000042,LANARK AND HAMILTON EAST,,Scotland,Scotland,"77,313",,,"50,470",2017
S14000043,LINLITHGOW AND EAST FALKIRK,,Scotland,Scotland,"86,186",,,"56,094",2017
S14000044,LIVINGSTON,,Scotland,Scotland,"81,208",,,"52,505",2017
S14000045,MIDLOTHIAN,,Scotland,Scotland,"68,328",,,"45,273",2017
S14000046,MORAY,,Scotland,Scotland,"70,649",,,"47,605",2017
S14000047,MOTHERWELL AND WISHAW,,Scotland,Scotland,"68,215",,,"41,926",2017
S14000048,NORTH AYRSHIRE AND ARRAN,,Scotland,Scotland,"73,176",,,"47,433",2017
S14000049,NORTH EAST FIFE,,Scotland,Scotland,"58,685",,,"41,822",2017
S14000050,OCHIL AND SOUTH PERTHSHIRE,,Scotland,Scotland,"76,767",,,"54,168",2017
S14000051,ORKNEY AND SHETLAND,,Scotland,Scotland,"34,164",,,"23,277",2017
S14000052,PAISLEY AND RENFREWSHIRE NORTH,,Scotland,Scotland,"67,436",,,"46,615",2017
S14000053,PAISLEY AND RENFREWSHIRE SOUTH,,Scotland,Scotland,"61,344",,,"41,712",2017
S14000054,PERTH AND NORTH PERTHSHIRE,,Scotland,Scotland,"71,762",,,"51,525",2017
S14000055,"ROSS, SKYE AND LOCHABER",,Scotland,Scotland,"53,638",,,"38,454",2017
S14000056,RUTHERGLEN AND HAMILTON WEST,,Scotland,Scotland,"80,098",,,"50,872",2017
S14000057,STIRLING,,Scotland,Scotland,"66,415",,,"49,356",2017
S14000058,WEST ABERDEENSHIRE AND KINCARDINE,,Scotland,Scotland,"72,477",,,"51,625",2017
S14000059,WEST DUNBARTONSHIRE,,Scotland,Scotland,"67,602",,,"44,083",2017
W07000041,YNYS MON,,Wales,Wales,"52,921",,,"37,367",2017
W07000042,DELYN,,Wales,Wales,"54,090",,,"39,418",2017
W07000043,ALYN AND DEESIDE,,Wales,Wales,"63,013",,,"44,760",2017
W07000044,WREXHAM,,Wales,Wales,"49,881",,,"35,092",2017
W07000045,LLANELLI,,Wales,Wales,"59,434",,,"40,342",2017
W07000046,GOWER,,Wales,Wales,"62,163",,,"45,576",2017
W07000047,SWANSEA WEST,,Wales,Wales,"56,892",434,1%,"37,282",2017
W07000048,SWANSEA EAST,,Wales,Wales,"58,521",359,1%,"35,159",2017
W07000049,ABERAVON,,Wales,Wales,"49,892",,,"33,268",2017
W07000050,CARDIFF CENTRAL,,Wales,Wales,"59,288",420,1%,"40,367",2017
W07000051,CARDIFF NORTH,,Wales,Wales,"67,221",,,"52,022",2017
W07000052,RHONDDA,,Wales,Wales,"50,514",,,"32,936",2017
W07000053,TORFAEN,,Wales,Wales,"61,839",,,"38,429",2017
W07000054,MONMOUTH,,Wales,Wales,"64,909",954,2%,"49,734",2017
W07000055,NEWPORT EAST,,Wales,Wales,"57,233",,,"36,820",2017
W07000056,NEWPORT WEST,,Wales,Wales,"64,399",497,1%,"43,438",2017
W07000057,ARFON,,Wales,Wales,"41,367",,,"28,208",2017
W07000058,ABERCONWY,,Wales,Wales,"45,251",,,"32,150",2017
W07000059,CLWYD WEST,,Wales,Wales,"58,263",,,"40,654",2017
W07000060,VALE OF CLWYD,,Wales,Wales,"56,890",,,"38,684",2017
W07000061,DWYFOR MEIRIONNYDD,,Wales,Wales,"44,699",,,"30,348",2017
W07000062,CLWYD SOUTH,,Wales,Wales,"53,729",,,"37,474",2017
W07000063,MONTGOMERYSHIRE,,Wales,Wales,"50,755",524,2%,"34,891",2017
W07000064,CEREDIGION,,Wales,Wales,"54,262",542,1%,"39,767",2017
W07000065,PRESELI PEMBROKESHIRE,,Wales,Wales,"58,554",,,"42,197",2017
W07000066,CARMARTHEN WEST AND SOUTH PEMBROKESHIRE,,Wales,Wales,"58,565",,,"42,226",2017
W07000067,CARMARTHEN EAST AND DINEFWR,,Wales,Wales,"55,976",,,"41,029",2017
W07000068,BRECON AND RADNORSHIRE,,Wales,Wales,"56,010",,,"41,334",2017
W07000069,NEATH,,Wales,Wales,"55,862",,,"38,285",2017
W07000070,CYNON VALLEY,,Wales,Wales,"51,334",,,"31,802",2017
W07000071,MERTHYR TYDFIL AND RHYMNEY,,Wales,Wales,"55,463",,,"33,545",2017
W07000072,BLAENAU GWENT,,Wales,Wales,"51,227",,,"32,384",2017
W07000073,BRIDGEND,,Wales,Wales,"62,185",,,"43,255",2017
W07000074,OGMORE,,Wales,Wales,"57,125",,,"37,204",2017
W07000075,PONTYPRIDD,,Wales,Wales,"60,564",,,"39,894",2017
W07000076,CAERPHILLY,,Wales,Wales,"64,381",447,1%,"41,297",2017
W07000077,ISLWYN,,Wales,Wales,"56,256",,,"36,093",2017
W07000078,VALE OF GLAMORGAN,,Wales,Wales,"73,959",419,1%,"53,718",2017
W07000079,CARDIFF WEST,,Wales,Wales,"66,775",,,"46,629",2017
W07000080,CARDIFF SOUTH AND PENARTH,,Wales,Wales,"76,499",532,1%,"50,736",2017